/*
SQLyog Ultimate v12.08 (64 bit)
MySQL - 5.6.48 : Database - aaa_06_trainingproject
*********************************************************************
*/


/*!40101 SET NAMES utf8 */;

/*!40101 SET SQL_MODE=''*/;

/*!40014 SET @OLD_UNIQUE_CHECKS=@@UNIQUE_CHECKS, UNIQUE_CHECKS=0 */;
/*!40014 SET @OLD_FOREIGN_KEY_CHECKS=@@FOREIGN_KEY_CHECKS, FOREIGN_KEY_CHECKS=0 */;
/*!40101 SET @OLD_SQL_MODE=@@SQL_MODE, SQL_MODE='NO_AUTO_VALUE_ON_ZERO' */;
/*!40111 SET @OLD_SQL_NOTES=@@SQL_NOTES, SQL_NOTES=0 */;
CREATE DATABASE /*!32312 IF NOT EXISTS*/`aaa_06_trainingproject` /*!40100 DEFAULT CHARACTER SET utf8 */;

USE `aaa_06_trainingproject`;

/*Table structure for table `tbl_dept` */

DROP TABLE IF EXISTS `tbl_dept`;

CREATE TABLE `tbl_dept` (
  `id` int(11) NOT NULL AUTO_INCREMENT,
  `pid` int(11) DEFAULT NULL,
  `title` varchar(255) DEFAULT NULL,
  `open` int(11) DEFAULT NULL,
  `remark` varchar(255) DEFAULT NULL,
  `address` varchar(255) DEFAULT NULL,
  `available` int(11) DEFAULT NULL COMMENT '状态【0不可用1可用】',
  `ordernum` int(11) DEFAULT NULL COMMENT '排序码【为了调事显示顺序】',
  `createtime` datetime DEFAULT NULL,
  PRIMARY KEY (`id`) USING BTREE
) ENGINE=InnoDB AUTO_INCREMENT=19 DEFAULT CHARSET=utf8 ROW_FORMAT=DYNAMIC;

/*Data for the table `tbl_dept` */

insert  into `tbl_dept`(`id`,`pid`,`title`,`open`,`remark`,`address`,`available`,`ordernum`,`createtime`) values (1,0,'总经办',1,'大BOSS','深圳',1,1,'2019-04-10 14:06:32'),(2,1,'销售部',0,'程序员','武汉',1,2,'2019-04-10 14:06:32'),(3,1,'运营部',0,'无','武汉',1,3,'2019-04-10 14:06:32'),(4,1,'生产部',0,'备注','武汉',1,4,'2019-04-10 14:06:32'),(5,2,'销售一部',0,'销售一部','武汉',1,5,'2019-04-10 14:06:32'),(6,2,'销售二部',0,'销售二部','武汉',1,6,'2019-04-10 14:06:32'),(7,3,'运营一部',0,'运营一部','武汉',1,7,'2019-04-10 14:06:32'),(8,2,'销售三部',0,'销售三部','11',1,8,'2019-04-10 14:06:32'),(9,2,'销售四部',0,'销售四部','222',1,9,'2019-04-10 14:06:32'),(10,2,'销售五部',0,'销售五部','33',1,10,'2019-04-10 14:06:32'),(18,4,'生产一部',0,'生产食品','武汉',1,11,'2019-04-13 09:49:38');

/*Table structure for table `tbl_loginfo` */

DROP TABLE IF EXISTS `tbl_loginfo`;

CREATE TABLE `tbl_loginfo` (
  `id` int(11) NOT NULL AUTO_INCREMENT,
  `loginname` varchar(255) DEFAULT NULL,
  `loginip` varchar(255) DEFAULT NULL,
  `logintime` datetime DEFAULT NULL,
  PRIMARY KEY (`id`) USING BTREE
) ENGINE=InnoDB AUTO_INCREMENT=262 DEFAULT CHARSET=utf8 ROW_FORMAT=DYNAMIC;

/*Data for the table `tbl_loginfo` */

insert  into `tbl_loginfo`(`id`,`loginname`,`loginip`,`logintime`) values (2,'超级管理员-system','127.0.0.1','2018-12-21 16:54:52'),(3,'超级管理员-system','127.0.0.1','2018-12-21 16:55:15'),(4,'超级管理员-system','127.0.0.1','2018-12-21 17:29:22'),(5,'超级管理员-system','127.0.0.1','2018-12-22 09:05:22'),(6,'超级管理员-system','127.0.0.1','2018-12-22 09:20:43'),(7,'超级管理员-system','127.0.0.1','2018-12-22 09:25:40'),(8,'超级管理员-system','127.0.0.1','2018-12-22 09:27:11'),(9,'超级管理员-system','127.0.0.1','2018-12-22 09:29:58'),(10,'超级管理员-system','127.0.0.1','2018-12-22 09:36:49'),(11,'超级管理员-system','127.0.0.1','2018-12-22 09:46:56'),(12,'超级管理员-system','127.0.0.1','2018-12-22 09:48:29'),(13,'超级管理员-system','127.0.0.1','2018-12-22 09:49:13'),(14,'超级管理员-system','127.0.0.1','2018-12-22 09:49:57'),(15,'超级管理员-system','127.0.0.1','2018-12-22 09:57:46'),(16,'超级管理员-system','127.0.0.1','2018-12-22 10:21:53'),(17,'超级管理员-system','127.0.0.1','2018-12-22 10:38:25'),(18,'超级管理员-system','127.0.0.1','2018-12-22 10:49:21'),(19,'超级管理员-system','127.0.0.1','2018-12-22 14:01:42'),(20,'超级管理员-system','127.0.0.1','2018-12-22 14:19:48'),(21,'超级管理员-system','127.0.0.1','2018-12-22 14:45:29'),(22,'超级管理员-system','127.0.0.1','2018-12-22 15:58:05'),(23,'超级管理员-system','127.0.0.1','2018-12-22 16:40:53'),(24,'超级管理员-system','127.0.0.1','2018-12-22 17:12:01'),(25,'超级管理员-system','127.0.0.1','2018-12-24 09:19:15'),(26,'超级管理员-system','127.0.0.1','2018-12-24 09:37:28'),(27,'超级管理员-system','127.0.0.1','2018-12-24 09:46:51'),(28,'超级管理员-system','127.0.0.1','2018-12-24 09:50:40'),(29,'超级管理员-system','127.0.0.1','2018-12-24 09:52:52'),(30,'超级管理员-system','127.0.0.1','2018-12-24 10:00:26'),(31,'超级管理员-system','127.0.0.1','2018-12-24 10:10:58'),(32,'超级管理员-system','127.0.0.1','2018-12-24 10:21:28'),(33,'超级管理员-system','127.0.0.1','2018-12-24 11:22:27'),(34,'超级管理员-system','127.0.0.1','2018-12-24 11:35:28'),(35,'超级管理员-system','127.0.0.1','2018-12-24 14:05:28'),(36,'超级管理员-system','127.0.0.1','2018-12-24 15:16:29'),(37,'李四-ls','127.0.0.1','2018-12-24 15:16:50'),(38,'王五-ww','127.0.0.1','2018-12-24 15:17:36'),(39,'赵六-zl','127.0.0.1','2018-12-24 15:17:47'),(40,'孙七-sq','127.0.0.1','2018-12-24 15:17:58'),(41,'刘八-lb','127.0.0.1','2018-12-24 15:18:09'),(42,'超级管理员-system','127.0.0.1','2018-12-24 15:34:59'),(43,'超级管理员-system','127.0.0.1','2018-12-24 15:35:09'),(44,'刘八-lb','127.0.0.1','2018-12-24 15:36:09'),(45,'刘八-lb','127.0.0.1','2018-12-24 15:42:58'),(46,'刘八-lb','127.0.0.1','2018-12-24 15:43:04'),(47,'超级管理员-system','127.0.0.1','2018-12-24 15:46:01'),(48,'超级管理员-system','127.0.0.1','2018-12-24 17:03:54'),(49,'超级管理员-system','127.0.0.1','2018-12-24 17:26:32'),(50,'超级管理员-system','127.0.0.1','2018-12-25 09:07:42'),(51,'超级管理员-system','127.0.0.1','2018-12-25 09:16:27'),(52,'超级管理员-system','127.0.0.1','2018-12-25 09:59:03'),(53,'超级管理员-system','127.0.0.1','2018-12-25 10:05:13'),(54,'超级管理员-system','127.0.0.1','2018-12-25 10:05:47'),(55,'超级管理员-system','127.0.0.1','2018-12-25 10:11:17'),(56,'超级管理员-system','127.0.0.1','2018-12-25 10:14:06'),(57,'超级管理员-system','127.0.0.1','2018-12-25 10:36:16'),(58,'超级管理员-system','127.0.0.1','2018-12-25 14:17:21'),(59,'超级管理员-system','127.0.0.1','2018-12-25 14:20:00'),(60,'超级管理员-system','127.0.0.1','2018-12-25 14:34:22'),(61,'超级管理员-system','127.0.0.1','2018-12-25 14:34:27'),(62,'超级管理员-system','127.0.0.1','2018-12-25 14:38:37'),(63,'超级管理员-system','127.0.0.1','2018-12-25 14:50:37'),(64,'超级管理员-system','127.0.0.1','2018-12-25 16:01:35'),(65,'超级管理员-system','127.0.0.1','2018-12-25 16:25:28'),(66,'超级管理员-system','127.0.0.1','2018-12-25 16:27:37'),(67,'超级管理员-system','127.0.0.1','2018-12-25 16:28:28'),(68,'超级管理员-system','127.0.0.1','2018-12-25 16:44:02'),(69,'超级管理员-system','127.0.0.1','2018-12-25 16:47:55'),(70,'超级管理员-system','127.0.0.1','2018-12-28 15:59:34'),(71,'超级管理员-system','127.0.0.1','2018-12-28 17:27:16'),(72,'超级管理员-system','127.0.0.1','2018-12-28 17:29:40'),(73,'超级管理员-system','127.0.0.1','2018-12-28 17:51:10'),(74,'超级管理员-system','127.0.0.1','2019-04-15 17:05:02'),(75,'超级管理员-system','127.0.0.1','2019-04-15 17:05:12'),(76,'超级管理员-system','127.0.0.1','2019-04-15 17:10:22'),(77,'刘八-lb','127.0.0.1','2019-04-15 17:11:45'),(78,'刘八-lb','127.0.0.1','2019-04-15 17:28:50'),(79,'超级管理员-system','127.0.0.1','2019-04-15 17:29:13'),(80,'刘八-lb','127.0.0.1','2019-04-15 17:30:59'),(81,'刘八-lb','127.0.0.1','2019-04-15 17:32:42'),(82,'刘八-lb','127.0.0.1','2019-04-15 17:33:48'),(83,'刘八-lb','127.0.0.1','2019-04-15 17:34:17'),(84,'超级管理员-system','127.0.0.1','2019-04-15 17:36:40'),(85,'超级管理员-system','127.0.0.1','2019-04-15 17:47:21'),(86,'超级管理员-system','127.0.0.1','2019-04-15 17:54:10'),(87,'超级管理员-system','127.0.0.1','2019-04-15 17:55:52'),(88,'超级管理员-system','127.0.0.1','2019-04-16 09:26:01'),(89,'超级管理员-system','127.0.0.1','2019-04-16 09:26:25'),(90,'超级管理员-system','127.0.0.1','2019-04-16 09:46:54'),(91,'超级管理员-system','127.0.0.1','2019-04-16 10:07:48'),(92,'超级管理员-system','127.0.0.1','2019-04-16 10:10:30'),(93,'超级管理员-system','127.0.0.1','2019-04-16 10:14:29'),(94,'超级管理员-system','127.0.0.1','2019-04-16 10:15:04'),(95,'超级管理员-system','127.0.0.1','2019-04-16 10:15:58'),(96,'超级管理员-system','127.0.0.1','2019-04-16 10:28:14'),(97,'超级管理员-system','127.0.0.1','2019-04-16 10:32:42'),(98,'超级管理员-system','127.0.0.1','2019-04-16 10:33:03'),(99,'超级管理员-system','127.0.0.1','2019-04-16 11:02:01'),(100,'超级管理员-system','127.0.0.1','2019-04-16 11:03:09'),(101,'超级管理员-system','127.0.0.1','2019-04-16 11:13:42'),(102,'超级管理员-system','127.0.0.1','2019-04-16 11:24:55'),(104,'超级管理员-system','127.0.0.1','2019-08-14 01:11:34'),(105,'超级管理员-system','127.0.0.1','2019-08-14 01:24:03'),(106,'李四-ls','127.0.0.1','2019-08-14 01:25:47'),(107,'李四-ls','127.0.0.1','2019-08-14 01:26:41'),(108,'孙七-sq','127.0.0.1','2019-08-14 01:28:22'),(109,'刘八-lb','127.0.0.1','2019-08-14 01:28:32'),(110,'超级管理员-system','127.0.0.1','2019-08-14 01:46:18'),(111,'超级管理员-system','127.0.0.1','2019-08-14 02:18:44'),(112,'超级管理员-system','127.0.0.1','2019-08-14 02:32:06'),(113,'李四-ls','127.0.0.1','2019-08-14 03:00:19'),(114,'李四-ls','127.0.0.1','2019-08-14 03:00:56'),(115,'李四-ls','127.0.0.1','2019-08-14 03:01:31'),(116,'李四-ls','127.0.0.1','2019-08-14 03:01:39'),(117,'李四-ls','127.0.0.1','2019-08-14 03:02:25'),(118,'李四-ls','127.0.0.1','2019-08-14 03:04:57'),(119,'李四-ls','127.0.0.1','2019-08-14 03:07:19'),(120,'李四-ls','127.0.0.1','2019-08-14 03:07:54'),(121,'超级管理员-system','127.0.0.1','2019-08-14 03:13:06'),(122,'李四-ls','127.0.0.1','2019-08-14 03:14:46'),(123,'超级管理员-system','127.0.0.1','2019-08-14 06:03:47'),(124,'超级管理员-system','127.0.0.1','2019-08-14 07:20:12'),(125,'超级管理员-system','127.0.0.1','2019-08-14 07:23:05'),(126,'超级管理员-system','127.0.0.1','2019-08-14 07:25:30'),(127,'超级管理员-system','127.0.0.1','2019-08-14 07:26:34'),(128,'超级管理员-system','127.0.0.1','2019-08-14 07:27:22'),(129,'超级管理员-system','127.0.0.1','2019-08-14 07:27:51'),(130,'超级管理员-system','127.0.0.1','2019-08-14 08:22:05'),(131,'超级管理员-system','127.0.0.1','2019-08-14 08:43:53'),(132,'超级管理员-system','127.0.0.1','2019-08-14 08:45:55'),(133,'超级管理员-system','127.0.0.1','2019-08-14 08:47:13'),(134,'超级管理员-system','127.0.0.1','2019-08-14 09:35:20'),(135,'超级管理员-system','127.0.0.1','2019-08-14 09:41:02'),(136,'超级管理员-system','127.0.0.1','2019-08-14 09:44:04'),(137,'超级管理员-system','127.0.0.1','2019-08-14 09:50:27'),(138,'超级管理员-system','127.0.0.1','2019-08-14 09:56:57'),(139,'超级管理员-system','127.0.0.1','2019-08-14 09:59:02'),(140,'超级管理员-system','127.0.0.1','2019-08-16 01:05:37'),(141,'超级管理员-system','127.0.0.1','2019-08-16 02:01:44'),(142,'超级管理员-system','127.0.0.1','2019-08-16 02:05:57'),(143,'超级管理员-system','127.0.0.1','2019-08-16 02:07:04'),(144,'超级管理员-system','127.0.0.1','2019-08-16 02:20:02'),(145,'超级管理员-system','127.0.0.1','2019-08-16 02:20:20'),(146,'超级管理员-system','127.0.0.1','2019-08-16 02:21:42'),(147,'超级管理员-system','127.0.0.1','2019-08-16 03:37:37'),(148,'超级管理员-system','127.0.0.1','2019-08-16 03:52:40'),(149,'超级管理员-system','127.0.0.1','2019-08-16 03:59:37'),(150,'超级管理员-system','127.0.0.1','2019-08-16 06:11:45'),(151,'超级管理员-system','127.0.0.1','2019-08-16 06:23:27'),(152,'超级管理员-system','127.0.0.1','2019-08-16 06:50:31'),(153,'超级管理员-system','127.0.0.1','2019-08-16 06:54:49'),(154,'超级管理员-system','127.0.0.1','2019-08-16 07:00:48'),(155,'超级管理员-system','127.0.0.1','2019-08-16 07:01:18'),(156,'超级管理员-system','127.0.0.1','2019-08-16 07:03:35'),(157,'超级管理员-system','127.0.0.1','2019-08-16 07:09:55'),(158,'超级管理员-system','127.0.0.1','2019-08-16 07:46:09'),(159,'超级管理员-system','127.0.0.1','2019-08-16 08:17:59'),(160,'超级管理员-system','127.0.0.1','2019-08-16 08:22:29'),(161,'超级管理员-system','127.0.0.1','2019-08-16 08:23:32'),(162,'超级管理员-system','127.0.0.1','2019-08-16 08:26:48'),(163,'超级管理员-system','127.0.0.1','2019-08-16 08:31:19'),(164,'超级管理员-system','127.0.0.1','2019-08-16 08:55:36'),(165,'超级管理员-system','127.0.0.1','2019-08-16 08:55:59'),(166,'超级管理员-system','127.0.0.1','2019-08-16 08:56:53'),(167,'超级管理员-system','127.0.0.1','2019-08-16 08:57:42'),(168,'超级管理员-system','127.0.0.1','2019-08-16 09:00:47'),(169,'超级管理员-system','0:0:0:0:0:0:0:1','2020-05-28 02:38:15'),(170,'超级管理员-system','0:0:0:0:0:0:0:1','2020-05-28 02:39:34'),(171,'超级管理员-system','0:0:0:0:0:0:0:1','2020-05-28 02:41:08'),(172,'超级管理员-system','0:0:0:0:0:0:0:1','2020-05-28 02:53:11'),(173,'超级管理员-system','0:0:0:0:0:0:0:1','2020-05-28 07:03:46'),(174,'超级管理员-system','0:0:0:0:0:0:0:1','2020-05-28 07:26:09'),(175,'超级管理员-system','0:0:0:0:0:0:0:1','2020-05-28 08:35:30'),(176,'超级管理员-system','0:0:0:0:0:0:0:1','2020-05-28 13:19:27'),(177,'超级管理员-system','0:0:0:0:0:0:0:1','2020-05-28 13:29:25'),(178,'超级管理员-system','0:0:0:0:0:0:0:1','2020-05-28 13:31:47'),(179,'超级管理员-system','0:0:0:0:0:0:0:1','2020-05-28 13:51:47'),(180,'超级管理员-system','0:0:0:0:0:0:0:1','2020-05-28 14:05:27'),(181,'超级管理员-system','0:0:0:0:0:0:0:1','2020-05-28 14:18:48'),(182,'超级管理员-system','0:0:0:0:0:0:0:1','2020-05-28 15:11:04'),(183,'超级管理员-system','0:0:0:0:0:0:0:1','2020-05-28 15:13:46'),(184,'超级管理员-system','0:0:0:0:0:0:0:1','2020-05-28 15:23:10'),(185,'超级管理员-system','0:0:0:0:0:0:0:1','2020-05-28 15:29:07'),(186,'超级管理员-system','0:0:0:0:0:0:0:1','2020-05-28 15:40:23'),(187,'超级管理员-system','0:0:0:0:0:0:0:1','2020-05-28 15:48:22'),(188,'超级管理员-system','0:0:0:0:0:0:0:1','2020-05-28 15:50:21'),(189,'超级管理员-system','0:0:0:0:0:0:0:1','2020-05-28 15:56:23'),(190,'超级管理员-system','0:0:0:0:0:0:0:1','2020-05-28 15:57:53'),(191,'超级管理员-system','0:0:0:0:0:0:0:1','2020-05-28 15:59:26'),(192,'超级管理员-system','0:0:0:0:0:0:0:1','2020-05-28 16:00:23'),(193,'超级管理员-system','0:0:0:0:0:0:0:1','2020-05-28 16:10:46'),(194,'超级管理员-system','0:0:0:0:0:0:0:1','2020-05-28 16:12:14'),(195,'超级管理员-system','0:0:0:0:0:0:0:1','2020-05-28 16:13:29'),(196,'超级管理员-system','0:0:0:0:0:0:0:1','2020-05-28 16:16:56'),(197,'超级管理员-system','127.0.0.1','2020-05-28 16:21:26'),(198,'超级管理员-system','0:0:0:0:0:0:0:1','2020-05-28 16:24:20'),(199,'超级管理员-system','0:0:0:0:0:0:0:1','2020-05-28 16:26:22'),(200,'超级管理员-system','0:0:0:0:0:0:0:1','2020-05-28 16:28:54'),(201,'超级管理员-system','0:0:0:0:0:0:0:1','2020-05-28 16:43:49'),(202,'超级管理员-system','0:0:0:0:0:0:0:1','2020-05-28 16:45:42'),(203,'超级管理员-system','0:0:0:0:0:0:0:1','2020-05-28 16:50:04'),(204,'超级管理员-system','0:0:0:0:0:0:0:1','2020-05-28 16:51:52'),(205,'超级管理员-system','0:0:0:0:0:0:0:1','2020-05-28 17:16:35'),(206,'超级管理员-system','0:0:0:0:0:0:0:1','2020-05-28 17:18:30'),(207,'超级管理员-system','0:0:0:0:0:0:0:1','2020-05-28 17:20:06'),(208,'超级管理员-system','0:0:0:0:0:0:0:1','2020-05-28 17:21:38'),(209,'超级管理员-system','0:0:0:0:0:0:0:1','2020-05-28 17:24:38'),(210,'超级管理员-system','127.0.0.1','2020-05-28 17:26:02'),(211,'超级管理员-system','0:0:0:0:0:0:0:1','2020-05-28 17:38:14'),(212,'超级管理员-system','0:0:0:0:0:0:0:1','2020-05-28 17:47:27'),(213,'超级管理员-system','0:0:0:0:0:0:0:1','2020-05-28 17:49:33'),(214,'超级管理员-system','0:0:0:0:0:0:0:1','2020-05-28 17:57:02'),(215,'超级管理员-system','0:0:0:0:0:0:0:1','2020-05-28 17:59:36'),(216,'超级管理员-system','0:0:0:0:0:0:0:1','2020-05-28 18:07:50'),(217,'超级管理员-system','0:0:0:0:0:0:0:1','2020-05-28 18:12:06'),(218,'超级管理员-system','0:0:0:0:0:0:0:1','2020-05-28 18:15:37'),(219,'超级管理员-system','0:0:0:0:0:0:0:1','2020-05-29 06:24:41'),(220,'超级管理员-system','0:0:0:0:0:0:0:1','2020-05-29 06:39:43'),(221,'超级管理员-system','0:0:0:0:0:0:0:1','2020-05-29 06:56:14'),(222,'超级管理员-system','127.0.0.1','2020-05-29 07:04:49'),(223,'超级管理员-system','0:0:0:0:0:0:0:1','2020-05-29 07:42:20'),(224,'超级管理员-system','0:0:0:0:0:0:0:1','2020-05-29 07:44:21'),(225,'超级管理员-system','0:0:0:0:0:0:0:1','2020-05-29 07:47:39'),(226,'超级管理员-system','0:0:0:0:0:0:0:1','2020-05-29 07:53:38'),(227,'超级管理员-system','0:0:0:0:0:0:0:1','2020-05-29 08:04:05'),(228,'超级管理员-system','0:0:0:0:0:0:0:1','2020-05-29 08:28:43'),(229,'超级管理员-system','0:0:0:0:0:0:0:1','2020-05-29 08:43:21'),(230,'超级管理员-system','0:0:0:0:0:0:0:1','2020-05-29 08:46:52'),(231,'超级管理员-system','0:0:0:0:0:0:0:1','2020-05-29 08:49:29'),(232,'超级管理员-system','0:0:0:0:0:0:0:1','2020-05-29 09:10:12'),(233,'超级管理员-system','0:0:0:0:0:0:0:1','2020-05-29 09:26:03'),(234,'超级管理员-system','0:0:0:0:0:0:0:1','2020-05-29 09:54:15'),(235,'超级管理员-system','0:0:0:0:0:0:0:1','2020-05-29 09:57:03'),(236,'超级管理员-system','0:0:0:0:0:0:0:1','2020-05-29 10:05:07'),(237,'超级管理员-system','0:0:0:0:0:0:0:1','2020-05-29 10:11:04'),(238,'超级管理员-system','0:0:0:0:0:0:0:1','2020-05-29 10:12:07'),(239,'超级管理员-system','0:0:0:0:0:0:0:1','2020-05-29 10:17:24'),(240,'超级管理员-system','0:0:0:0:0:0:0:1','2020-05-29 10:17:50'),(241,'超级管理员-system','127.0.0.1','2020-05-29 10:19:17'),(242,'超级管理员-system','0:0:0:0:0:0:0:1','2020-05-29 10:19:58'),(243,'超级管理员-system','0:0:0:0:0:0:0:1','2020-05-29 10:21:03'),(244,'超级管理员-system','0:0:0:0:0:0:0:1','2020-05-29 10:23:49'),(245,'超级管理员-system','0:0:0:0:0:0:0:1','2020-05-29 10:24:49'),(246,'超级管理员-system','0:0:0:0:0:0:0:1','2020-05-29 10:26:39'),(247,'超级管理员-system','0:0:0:0:0:0:0:1','2020-05-29 10:28:44'),(248,'超级管理员-system','0:0:0:0:0:0:0:1','2020-05-29 10:30:29'),(249,'超级管理员-system','0:0:0:0:0:0:0:1','2020-05-29 10:47:45'),(250,'超级管理员-system','0:0:0:0:0:0:0:1','2020-05-29 10:53:17'),(251,'超级管理员-system','0:0:0:0:0:0:0:1','2020-05-29 10:56:41'),(252,'超级管理员-system','0:0:0:0:0:0:0:1','2020-05-29 11:06:04'),(253,'超级管理员-system','0:0:0:0:0:0:0:1','2020-05-29 11:08:29'),(254,'超级管理员-system','0:0:0:0:0:0:0:1','2020-05-29 11:41:43'),(255,'超级管理员-system','0:0:0:0:0:0:0:1','2020-05-29 13:43:02'),(256,'超级管理员-system','0:0:0:0:0:0:0:1','2020-05-29 13:44:10'),(257,'超级管理员-system','0:0:0:0:0:0:0:1','2020-05-29 13:48:28'),(258,'超级管理员-system','0:0:0:0:0:0:0:1','2020-05-29 13:51:26'),(259,'超级管理员-system','0:0:0:0:0:0:0:1','2020-05-29 13:53:03'),(260,'超级管理员-system','0:0:0:0:0:0:0:1','2020-05-29 15:52:46'),(261,'超级管理员-system','0:0:0:0:0:0:0:1','2020-05-30 04:03:48');

/*Table structure for table `tbl_notice` */

DROP TABLE IF EXISTS `tbl_notice`;

CREATE TABLE `tbl_notice` (
  `id` int(11) NOT NULL AUTO_INCREMENT,
  `title` varchar(255) DEFAULT NULL,
  `content` text,
  `createtime` datetime DEFAULT NULL,
  `opername` varchar(255) DEFAULT NULL,
  PRIMARY KEY (`id`) USING BTREE
) ENGINE=InnoDB AUTO_INCREMENT=13 DEFAULT CHARSET=utf8 ROW_FORMAT=DYNAMIC;

/*Data for the table `tbl_notice` */

insert  into `tbl_notice`(`id`,`title`,`content`,`createtime`,`opername`) values (12,'AAA实训项目','','2020-05-29 11:00:08','超级管理员');

/*Table structure for table `tbl_permission` */

DROP TABLE IF EXISTS `tbl_permission`;

CREATE TABLE `tbl_permission` (
  `id` int(11) NOT NULL AUTO_INCREMENT,
  `pid` int(11) DEFAULT NULL,
  `type` varchar(255) DEFAULT NULL COMMENT '权限类型[menu/permission]',
  `title` varchar(255) DEFAULT NULL,
  `percode` varchar(255) DEFAULT NULL COMMENT '权限编码[只有type= permission才有  user:view]',
  `icon` varchar(255) DEFAULT NULL,
  `href` varchar(255) DEFAULT NULL,
  `target` varchar(255) DEFAULT NULL,
  `open` int(11) DEFAULT NULL,
  `ordernum` int(11) DEFAULT NULL,
  `available` int(11) DEFAULT NULL COMMENT '状态【0不可用1可用】',
  PRIMARY KEY (`id`) USING BTREE
) ENGINE=InnoDB AUTO_INCREMENT=87 DEFAULT CHARSET=utf8 ROW_FORMAT=DYNAMIC;

/*Data for the table `tbl_permission` */

insert  into `tbl_permission`(`id`,`pid`,`type`,`title`,`percode`,`icon`,`href`,`target`,`open`,`ordernum`,`available`) values (1,0,'menu','管理系统',NULL,'&#xe68e;','','',1,1,1),(5,1,'menu','系统管理',NULL,'&#xe614;','','',0,5,1),(6,1,'menu','其它管理',NULL,'&#xe628;','','',0,6,1),(14,5,'menu','部门管理',NULL,'&#xe770;','/sys/toDeptManager','',0,14,1),(15,5,'menu','菜单管理',NULL,'&#xe62d;','/sys/toMenuManager','',0,15,1),(16,5,'menu','权限管理','','&#xe857;','/sys/toPermissionManager','',0,16,1),(17,5,'menu','角色管理','','&#xe650;','/sys/toRoleManager','',0,17,1),(18,5,'menu','用户管理','','&#xe612;','/sys/toUserManager','',0,18,1),(20,6,'menu','操作日志',NULL,'&#xe702;','/sys/toSystemLog','',0,20,1),(21,6,'menu','登陆日志',NULL,'&#xe7ae;','/sys/toLoginfoManager','',0,21,1),(22,6,'menu','系统公告',NULL,'&#xe756;','/sys/toNoticeManager',NULL,0,22,1),(23,6,'menu','查看图标代码',NULL,'&#xe670;','../resources/page/icon.html','',0,23,1),(30,14,'permission','添加部门','dept:create','',NULL,NULL,0,24,1),(31,14,'permission','修改部门','dept:update','',NULL,NULL,0,26,1),(32,14,'permission','删除部门','dept:delete','',NULL,NULL,0,27,1),(34,15,'permission','添加菜单','menu:create','','','',0,29,1),(35,15,'permission','修改菜单','menu:update','',NULL,NULL,0,30,1),(36,15,'permission','删除菜单','menu:delete','',NULL,NULL,0,31,1),(38,16,'permission','添加权限','permission:create','',NULL,NULL,0,33,1),(39,16,'permission','修改权限','permission:update','',NULL,NULL,0,34,1),(40,16,'permission','删除权限','permission:delete','',NULL,NULL,0,35,1),(42,17,'permission','添加角色','role:create','',NULL,NULL,0,37,1),(43,17,'permission','修改角色','role:update','',NULL,NULL,0,38,1),(44,17,'permission','角色删除','role:delete','',NULL,NULL,0,39,1),(46,17,'permission','分配权限','role:selectPermission','',NULL,NULL,0,41,1),(47,18,'permission','添加用户','user:create','',NULL,NULL,0,42,1),(48,18,'permission','修改用户','user:update','',NULL,NULL,0,43,1),(49,18,'permission','删除用户','user:delete','',NULL,NULL,0,44,1),(51,18,'permission','用户分配角色','user:selectRole','',NULL,NULL,0,46,1),(52,18,'permission','重置密码','user:resetPwd',NULL,NULL,NULL,0,47,1),(53,14,'permission','部门查询','dept:view',NULL,NULL,NULL,0,48,1),(54,15,'permission','菜单查询','menu:view',NULL,NULL,NULL,0,49,1),(55,16,'permission','权限查询','permission:view',NULL,NULL,NULL,0,50,1),(56,17,'permission','角色查询','role:view',NULL,NULL,NULL,0,51,1),(57,18,'permission','用户查询','user:view',NULL,NULL,NULL,0,52,1),(74,21,'permission','日志删除','info:delete',NULL,NULL,NULL,NULL,66,1),(75,21,'permission','日志批量删除','info:batchdelete',NULL,NULL,NULL,NULL,67,1),(76,22,'permission','公告查询','notice:view',NULL,NULL,NULL,NULL,68,1),(77,22,'permission','公告添加','notice:create',NULL,NULL,NULL,NULL,69,1),(78,22,'permission','公告修改','notice:update',NULL,NULL,NULL,NULL,70,1),(79,22,'permission','公告删除','notice:delete',NULL,NULL,NULL,NULL,71,1),(86,22,'permission','公告查看','notice:viewnotice',NULL,NULL,NULL,NULL,78,1);

/*Table structure for table `tbl_role` */

DROP TABLE IF EXISTS `tbl_role`;

CREATE TABLE `tbl_role` (
  `id` int(11) NOT NULL AUTO_INCREMENT,
  `name` varchar(255) DEFAULT NULL,
  `remark` varchar(255) DEFAULT NULL,
  `available` int(11) DEFAULT NULL,
  `createtime` datetime DEFAULT NULL,
  PRIMARY KEY (`id`) USING BTREE
) ENGINE=InnoDB AUTO_INCREMENT=8 DEFAULT CHARSET=utf8 ROW_FORMAT=DYNAMIC;

/*Data for the table `tbl_role` */

insert  into `tbl_role`(`id`,`name`,`remark`,`available`,`createtime`) values (1,'超级管理员','拥有所有菜单权限',1,'2019-04-10 14:06:32'),(4,'基础数据管理员','基础数据管理员',1,'2019-04-10 14:06:32'),(5,'普通管理员','普通管理员',1,'2019-04-10 14:06:32'),(6,'销售管理员','销售管理员',1,'2019-04-10 14:06:32'),(7,'系统管理员','系统管理员',1,'2019-04-10 14:06:32');

/*Table structure for table `tbl_role_permission` */

DROP TABLE IF EXISTS `tbl_role_permission`;

CREATE TABLE `tbl_role_permission` (
  `rid` int(11) NOT NULL,
  `pid` int(11) NOT NULL,
  PRIMARY KEY (`pid`,`rid`) USING BTREE,
  KEY `FK_tcsr9ucxypb3ce1q5qngsfk33` (`rid`) USING BTREE,
  CONSTRAINT `tbl_role_permission_ibfk_1` FOREIGN KEY (`pid`) REFERENCES `tbl_permission` (`id`) ON DELETE CASCADE,
  CONSTRAINT `tbl_role_permission_ibfk_2` FOREIGN KEY (`rid`) REFERENCES `tbl_role` (`id`) ON DELETE CASCADE
) ENGINE=InnoDB DEFAULT CHARSET=utf8 ROW_FORMAT=DYNAMIC;

/*Data for the table `tbl_role_permission` */

insert  into `tbl_role_permission`(`rid`,`pid`) values (1,1),(1,5),(1,6),(1,14),(1,15),(1,16),(1,17),(1,18),(1,21),(1,22),(1,23),(1,31),(1,34),(1,35),(1,36),(1,38),(1,39),(1,40),(1,42),(1,43),(1,44),(1,46),(1,47),(1,48),(1,49),(1,51),(1,52),(1,53),(1,54),(1,55),(1,56),(1,57),(1,74),(1,75),(1,76),(1,77),(1,78),(1,79),(1,86),(4,1),(4,5),(4,14),(4,15),(4,16),(4,17),(4,18),(4,30),(4,31),(4,32),(4,34),(4,35),(4,36),(4,38),(4,39),(4,40),(4,42),(4,43),(4,44),(4,46),(4,47),(4,48),(4,49),(4,51),(4,52),(4,53),(4,54),(4,55),(4,56),(4,57),(5,1),(6,1),(7,1),(7,5),(7,6),(7,14),(7,15),(7,16),(7,17),(7,18),(7,21),(7,22),(7,23),(7,30),(7,31),(7,32),(7,34),(7,35),(7,36),(7,38),(7,39),(7,40),(7,42),(7,43),(7,44),(7,46),(7,47),(7,48),(7,49),(7,51),(7,52),(7,53),(7,54),(7,55),(7,56),(7,57),(7,74),(7,75),(7,76),(7,77),(7,78),(7,79),(7,86);

/*Table structure for table `tbl_role_user` */

DROP TABLE IF EXISTS `tbl_role_user`;

CREATE TABLE `tbl_role_user` (
  `rid` int(11) NOT NULL,
  `uid` int(11) NOT NULL,
  PRIMARY KEY (`uid`,`rid`) USING BTREE,
  KEY `FK_203gdpkwgtow7nxlo2oap5jru` (`rid`) USING BTREE,
  CONSTRAINT `tbl_role_user_ibfk_1` FOREIGN KEY (`rid`) REFERENCES `tbl_role` (`id`),
  CONSTRAINT `tbl_role_user_ibfk_2` FOREIGN KEY (`uid`) REFERENCES `tbl_user` (`id`)
) ENGINE=InnoDB DEFAULT CHARSET=utf8 ROW_FORMAT=DYNAMIC;

/*Data for the table `tbl_role_user` */

insert  into `tbl_role_user`(`rid`,`uid`) values (1,2),(4,3),(5,4),(6,5),(7,6);

/*Table structure for table `tbl_systeminfo` */

DROP TABLE IF EXISTS `tbl_systeminfo`;

CREATE TABLE `tbl_systeminfo` (
  `id` int(11) NOT NULL AUTO_INCREMENT,
  `loginname` varchar(255) DEFAULT NULL,
  `type` varchar(255) DEFAULT NULL,
  `servicesname` varchar(255) DEFAULT NULL,
  `dateline` datetime DEFAULT NULL,
  PRIMARY KEY (`id`)
) ENGINE=InnoDB AUTO_INCREMENT=30 DEFAULT CHARSET=utf8;

/*Data for the table `tbl_systeminfo` */

/*Table structure for table `tbl_user` */

DROP TABLE IF EXISTS `tbl_user`;

CREATE TABLE `tbl_user` (
  `id` int(11) NOT NULL AUTO_INCREMENT,
  `name` varchar(255) DEFAULT NULL,
  `loginname` varchar(255) DEFAULT NULL,
  `address` varchar(255) DEFAULT NULL,
  `sex` int(11) DEFAULT NULL,
  `remark` varchar(255) DEFAULT NULL,
  `pwd` varchar(255) DEFAULT NULL,
  `deptid` int(11) DEFAULT NULL,
  `hiredate` datetime DEFAULT NULL,
  `mgr` int(11) DEFAULT NULL,
  `available` int(11) DEFAULT '1',
  `ordernum` int(11) DEFAULT NULL,
  `type` int(11) DEFAULT NULL COMMENT '用户类型[0超级管理员1，管理员，2普通用户]',
  `imgpath` varchar(255) DEFAULT NULL COMMENT '头像地址',
  `salt` varchar(255) DEFAULT NULL,
  `del_flag` int(11) DEFAULT NULL,
  PRIMARY KEY (`id`) USING BTREE,
  KEY `FK_3rrcpvho2w1mx1sfiuuyir1h` (`deptid`) USING BTREE,
  CONSTRAINT `tbl_user_ibfk_1` FOREIGN KEY (`deptid`) REFERENCES `tbl_dept` (`id`)
) ENGINE=InnoDB AUTO_INCREMENT=7 DEFAULT CHARSET=utf8 ROW_FORMAT=DYNAMIC;

/*Data for the table `tbl_user` */

insert  into `tbl_user`(`id`,`name`,`loginname`,`address`,`sex`,`remark`,`pwd`,`deptid`,`hiredate`,`mgr`,`available`,`ordernum`,`type`,`imgpath`,`salt`,`del_flag`) values (1,'超级管理员','admin','广东省广州',1,'超级管理员','532ac00e86893901af5f0be6b704dbc7',1,'2018-06-25 11:06:34',NULL,1,1,0,'../resources/images/defaultusertitle.jpg','04A93C74C8294AA09A8B974FD1F4ECBB',0),(2,'李明','test','广东省深圳',0,'业务员','72de53e5b9ef70a9ee6dbaa64a65958f',1,'2018-06-25 11:06:36',NULL,1,2,1,'../resources/images/defaultusertitle.jpg','9938C7D3E641474B823FD1509440673B',0),(3,'王五','ww','广东省广州市',1,'管理员','03bb21da614e9220ac2dc49a782e3554',3,'2018-06-25 11:06:38',2,1,3,1,'../resources/images/defaultusertitle.jpg','614144281FE04FBF9A6BF5651041A141',0),(4,'赵六','zl','广东省深圳',1,'程序员','397fbf65e50cfec388c1832a3b6ec6f4',4,'2018-06-25 11:06:40',3,1,4,1,'../resources/images/defaultusertitle.jpg','F56ED84CDF3D450E813561C222438944',0),(5,'孙七','sq','湖北省武汉市',1,'程序员','47b4c1ad6e4b54dd9387a09cb5a03de1',2,'2018-06-25 11:06:43',4,1,5,1,'../resources/images/defaultusertitle.jpg','FE3476C3E3674E5690C737C269FCBF8E',1),(6,'刘八','lb','广东省广州市',1,'程序员','bcee2b05b4b591106829aec69a094806',4,'2018-08-06 11:21:12',3,1,6,1,'../resources/images/defaultusertitle.jpg','E6CCF54A09894D998225878BBD139B20',1);

/*!40101 SET SQL_MODE=@OLD_SQL_MODE */;
/*!40014 SET FOREIGN_KEY_CHECKS=@OLD_FOREIGN_KEY_CHECKS */;
/*!40014 SET UNIQUE_CHECKS=@OLD_UNIQUE_CHECKS */;
/*!40111 SET SQL_NOTES=@OLD_SQL_NOTES */;
